feature_name,delta_train,delta_essay
avg_sentence_length,-4.957660884432947,-2.557766099934639
avg_word_length,-0.9896251074681945,-0.6027920984804274
complex_word_ratio,-0.19530758199750864,-0.10543607773121466
pronoun_ratio,0.03705021440059186,0.025544907546442095
hedging_ratio,-0.002035905495526293,0.002803378016553504
noun_verb_ratio,-0.5337046196089774,-0.526756523995134
nominalization_ratio,-0.06480695635295083,-0.032067404344924944
Measure of Textual Lexical Diversity,4.767190460026129,4.384726359560659
